City_ID,City,Country,Lat,Lng,Max Temp,Humidity,Cloudiness,Wind Speed,Current Description
0,Punta Arenas,CL,-53.15,-70.9167,42.91,87,75,26.46,shower rain
1,Busselton,AU,-33.65,115.3333,64.69,65,0,4.29,clear sky
2,Temerloh,MY,3.4483,102.4176,82.04,84,100,0.98,overcast clouds
3,Puerto Ayora,EC,-0.7393,-90.3518,71.73,90,100,6.38,overcast clouds
4,Rikitea,PF,-23.1203,-134.9692,76.24,75,32,16.71,scattered clouds
5,Albany,US,42.6001,-73.9662,49.64,50,69,4.47,broken clouds
6,Srednekolymsk,RU,67.45,153.6833,36.18,93,47,11.05,scattered clouds
7,Port Alfred,ZA,-33.5906,26.891,61.14,82,100,6.22,light rain
8,Longyearbyen,SJ,78.2186,15.6401,12.04,62,40,14.97,scattered clouds
9,Carnarvon,AU,-24.8667,113.6333,71.67,68,25,5.75,scattered clouds
10,Mount Gambier,AU,-37.8333,140.7667,55.31,82,100,5.75,overcast clouds
11,Arraial Do Cabo,BR,-22.9661,-42.0278,72.88,66,16,7.83,few clouds
12,Norman Wells,CA,65.282,-126.8329,46.44,36,75,8.05,broken clouds
13,Tezu,IN,27.9167,96.1667,85.28,46,7,2.57,clear sky
14,Krasnyy Chikoy,RU,50.3643,108.7512,37.42,71,100,14.41,overcast clouds
15,Ortakoy,TR,38.7373,34.0387,32.25,76,76,2.98,broken clouds
16,Mataura,NZ,-46.1927,168.8643,57.47,93,91,4.85,overcast clouds
17,Henties Bay,NA,-22.116,14.2845,58.19,78,0,4.41,clear sky
18,Kaitangata,NZ,-46.2817,169.8464,54.3,92,99,4.76,overcast clouds
19,Grand Gaube,MU,-20.0064,57.6608,72.0,81,1,9.6,clear sky
20,Ulladulla,AU,-35.35,150.4667,62.76,66,57,8.93,light rain
21,Grindavik,IS,63.8424,-22.4338,48.15,93,100,17.27,overcast clouds
22,Botwood,CA,49.1499,-55.3482,34.03,66,100,1.3,overcast clouds
23,Faanui,PF,-16.4833,-151.75,82.13,74,12,11.16,few clouds
24,Utinga,BR,-5.8172,-35.3954,77.85,88,0,9.22,light rain
25,Castro,BR,-24.7911,-50.0119,50.18,98,21,4.81,few clouds
26,Tasiilaq,GL,65.6145,-37.6368,29.73,64,94,2.93,overcast clouds
27,Ushuaia,AR,-54.8,-68.3,42.46,70,40,5.75,scattered clouds
28,San Vicente,AR,-26.6167,-54.1333,52.57,91,0,2.24,clear sky
29,Faya,SA,18.3851,42.4509,66.31,58,0,0.89,clear sky
30,Atuona,PF,-9.8,-139.0333,78.82,76,1,14.72,clear sky
31,Hambantota,LK,6.1241,81.1185,82.74,94,75,10.36,broken clouds
32,Flers,FR,48.7372,-0.5747,44.85,96,3,3.58,clear sky
33,Dawson Creek,CA,55.7666,-120.2362,33.44,80,20,14.97,few clouds
34,Chebenki,RU,51.9337,55.7077,53.35,43,100,11.05,overcast clouds
35,Butaritari,KI,3.0707,172.7902,81.68,76,13,19.3,few clouds
36,Georgetown,MY,5.4112,100.3354,84.13,87,20,3.44,moderate rain
37,Cape Town,ZA,-33.9258,18.4232,55.11,89,0,2.3,clear sky
38,Sao Joao Da Barra,BR,-21.6403,-41.0511,69.82,76,47,9.13,scattered clouds
39,Kapaa,US,22.0752,-159.319,82.38,83,14,5.99,few clouds
40,Mahibadhoo,MV,3.7833,72.9667,83.48,78,100,18.61,overcast clouds
41,Bengkulu,ID,-3.8004,102.2655,83.8,65,30,2.3,scattered clouds
42,North Vanlaiphai,IN,23.1333,93.0667,68.63,81,67,0.36,broken clouds
43,Tokur,RU,53.1333,132.9,50.27,49,100,3.02,overcast clouds
44,Hilo,US,19.7297,-155.09,87.28,89,38,5.99,scattered clouds
45,Hithadhoo,MV,-0.6,73.0833,84.24,77,99,20.47,moderate rain
46,Penhold,CA,52.1334,-113.8687,45.84,57,100,11.5,overcast clouds
47,Thompson,CA,55.7435,-97.8558,49.41,73,45,6.26,scattered clouds
48,Dikson,RU,73.5069,80.5464,32.5,98,100,20.36,snow
49,Virginia Beach,US,36.8529,-75.978,53.01,86,100,19.57,mist
50,Muisne,EC,0.6,-80.0333,77.27,88,100,8.57,overcast clouds
51,Bambous Virieux,MU,-20.3428,57.7575,71.22,85,24,5.55,few clouds
52,Parnamirim,BR,-5.9156,-35.2628,77.34,88,0,9.22,light rain
53,Trelew,AR,-43.249,-65.3051,55.76,37,0,5.61,clear sky
54,Kavaratti,IN,10.5669,72.642,85.26,67,100,16.2,overcast clouds
55,Yagodnoye,RU,62.55,149.6667,34.05,94,11,3.85,few clouds
56,Coquimbo,CL,-29.9533,-71.3436,56.7,85,4,2.04,clear sky
57,Bluff,NZ,-46.6,168.3333,57.79,82,100,8.03,overcast clouds
58,Broome,US,42.2506,-75.833,47.19,60,8,3.6,clear sky
59,Hermanus,ZA,-34.4187,19.2345,58.14,74,100,4.61,overcast clouds
60,Sheltozero,RU,61.3667,35.3667,33.48,91,99,4.47,light snow
61,Barrow,US,71.2906,-156.7887,33.82,80,100,11.5,overcast clouds
62,Isangel,VU,-19.55,169.2667,79.61,56,27,15.64,scattered clouds
63,Yulara,AU,-25.2406,130.9889,60.64,29,78,11.5,broken clouds
64,Collie,AU,-33.3667,116.15,65.43,62,0,2.24,clear sky
65,Ngoro,ID,-7.6839,112.258,83.41,76,81,1.68,broken clouds
66,Canaries,ES,28.0,-15.5,60.39,77,20,17.27,few clouds
67,Alofi,NU,-19.0595,-169.9187,78.58,79,51,10.92,moderate rain
68,Nishihara,JP,26.1842,127.7558,78.08,78,75,10.36,light rain
69,Ribeira Grande,PT,38.5167,-28.7,62.91,86,97,5.97,overcast clouds
70,Puerto Baquerizo Moreno,EC,-0.9,-89.6,71.6,89,82,8.61,broken clouds
71,Guerrero Negro,MX,27.9769,-114.0611,60.28,76,0,19.82,clear sky
72,Brokopondo,SR,4.75,-55.1667,76.28,87,9,9.98,clear sky
73,Esperance,AU,-33.8667,121.9,66.9,47,0,6.31,clear sky
74,Uige,AO,-7.6087,15.0613,67.69,84,17,2.98,few clouds
75,Chumikan,RU,54.7183,135.315,36.59,89,91,5.23,overcast clouds
76,Half Moon Bay,US,37.4636,-122.4286,57.02,69,0,29.93,haze
77,Kodiak,US,57.79,-152.4072,44.44,68,37,2.46,scattered clouds
78,Kutum,SD,14.2,24.6667,72.52,10,94,5.59,overcast clouds
79,Lompoc,US,34.6391,-120.4579,60.57,57,1,11.99,clear sky
80,Tukrah,LY,32.5341,20.5791,60.87,85,0,4.38,clear sky
81,Nikolskoye,RU,59.7035,30.7861,37.71,85,0,5.44,clear sky
82,Bethel,US,41.3712,-73.414,51.89,46,100,3.0,overcast clouds
83,Yellowknife,CA,62.456,-114.3525,27.12,80,100,31.07,overcast clouds
84,Picos,BR,-7.0769,-41.4669,79.18,57,95,2.46,overcast clouds
85,Pevek,RU,69.7008,170.3133,25.12,77,99,5.03,overcast clouds
86,Jamestown,US,42.097,-79.2353,47.52,77,0,6.87,clear sky
87,Mahebourg,MU,-20.4081,57.7,71.26,84,27,5.28,scattered clouds
88,Te Anau,NZ,-45.4167,167.7167,55.69,78,52,0.89,broken clouds
89,Baracoa,CU,20.3467,-74.4958,76.89,81,0,2.01,clear sky
90,Itarema,BR,-2.9248,-39.9167,77.52,87,100,6.8,overcast clouds
91,Naze,JP,28.3667,129.4833,72.21,83,97,6.49,overcast clouds
92,Erenhot,CN,43.6475,111.9767,67.71,22,100,21.74,overcast clouds
93,Namioka,JP,40.7072,140.5894,60.91,30,2,16.04,clear sky
94,Port Elizabeth,ZA,-33.918,25.5701,58.32,97,63,1.01,broken clouds
95,Batagay,RU,67.6333,134.6333,34.88,99,100,1.23,light snow
96,Nanortalik,GL,60.1432,-45.2371,36.63,91,100,2.77,overcast clouds
97,Bintulu,MY,3.1667,113.0333,78.62,90,100,5.7,moderate rain
98,Saskylakh,RU,71.9167,114.0833,12.6,90,74,14.25,broken clouds
99,Darnah,LY,32.767,22.6367,61.34,86,0,13.35,clear sky
100,Fredericton,CA,45.9454,-66.6656,42.84,61,6,3.47,clear sky
101,Port Blair,IN,11.6667,92.75,82.94,81,92,12.95,overcast clouds
102,Iqaluit,CA,63.7506,-68.5145,29.7,63,100,11.01,overcast clouds
103,Pacific Grove,US,36.6177,-121.9166,56.88,70,6,8.99,clear sky
104,Lorengau,PG,-2.0226,147.2712,85.89,66,100,15.61,overcast clouds
105,Torbay,CA,47.6666,-52.7314,36.27,91,40,5.75,scattered clouds
106,Qaanaaq,GL,77.484,-69.3632,19.99,69,99,7.29,overcast clouds
107,Avarua,CK,-21.2078,-159.775,80.56,81,4,11.36,light rain
108,Vaini,TO,-21.2,-175.2,75.69,69,0,18.92,clear sky
109,Airai,TL,-8.9266,125.4092,71.67,59,18,5.57,few clouds
110,Taltal,CL,-25.4,-70.4833,61.9,70,0,5.91,clear sky
111,Puerto Del Rosario,ES,28.5004,-13.8627,65.95,77,0,11.5,clear sky
112,Klaksvik,FO,62.2266,-6.589,47.32,98,100,17.6,light rain
113,Ponta Do Sol,PT,32.6667,-17.1,64.0,58,22,4.52,few clouds
114,Tuktoyaktuk,CA,69.4541,-133.0374,36.03,91,52,11.81,broken clouds
115,Keti Bandar,PK,24.1447,67.4497,81.39,79,0,15.64,clear sky
116,Tateyama,JP,34.9833,139.8667,62.44,84,90,2.91,overcast clouds
117,Joao Camara,BR,-5.5375,-35.8197,74.93,84,100,11.61,overcast clouds
118,Pangoa,PE,-12.1167,-73.0,69.31,87,77,2.73,broken clouds
119,Lazurne,UA,46.084,32.5295,51.66,57,1,4.65,clear sky
120,Bela,IN,25.9333,81.9833,90.63,35,0,8.75,clear sky
121,Karratha,AU,-20.7377,116.8463,83.35,27,85,21.54,overcast clouds
122,Kailua,US,21.4022,-157.7394,82.02,74,75,13.8,broken clouds
123,East London,ZA,-33.0153,27.9116,62.08,76,90,11.52,overcast clouds
124,Kahului,US,20.8947,-156.47,77.97,83,55,11.01,broken clouds
125,Egvekinot,RU,66.3167,-179.1667,29.39,82,99,8.55,overcast clouds
126,Bloomfield,US,40.8068,-74.1854,55.98,37,20,14.97,few clouds
127,Tiksi,RU,71.6872,128.8694,15.17,83,12,4.16,few clouds
128,Saint George,US,37.1041,-113.5841,79.39,8,0,40.29,haze
129,Bend,US,44.0582,-121.3153,41.47,61,40,3.44,scattered clouds
130,Tabou,CI,4.423,-7.3528,77.25,89,99,3.24,light rain
131,Bredasdorp,ZA,-34.5322,20.0403,55.63,78,100,3.85,overcast clouds
132,Honiara,SB,-9.4333,159.95,86.86,70,82,10.31,broken clouds
133,Hobart,AU,-42.8794,147.3294,58.26,63,20,9.22,few clouds
134,Tarbagatay,RU,51.4803,107.3602,36.93,50,74,19.75,broken clouds
135,Usinsk,RU,65.9939,57.5281,39.78,91,100,9.19,light rain
136,Zhigansk,RU,66.7697,123.3711,21.49,77,100,22.48,overcast clouds
137,Anadyr,RU,64.75,177.4833,35.01,80,16,21.56,few clouds
138,Ambilobe,MG,-13.2,49.05,69.64,94,3,3.13,clear sky
139,Leningradskiy,RU,69.3833,178.4167,30.02,89,100,16.69,light snow
140,Matagami,CA,49.7502,-77.6328,48.2,51,12,5.37,few clouds
141,Wlingi,ID,-8.0776,112.3311,82.44,74,79,2.84,broken clouds
142,Rawson,AR,-43.3002,-65.1023,56.53,44,0,6.02,clear sky
143,Chokurdakh,RU,70.6333,147.9167,22.48,86,95,11.9,overcast clouds
144,Caravelas,BR,-17.7125,-39.2481,72.93,86,20,8.9,few clouds
145,Tual,ID,-5.6667,132.75,84.22,78,100,10.25,overcast clouds
146,Uyar,RU,55.81,94.3153,39.24,33,12,13.24,few clouds
147,Kavieng,PG,-2.5744,150.7967,85.57,66,100,16.6,overcast clouds
148,Rabo De Peixe,PT,37.8,-25.5833,61.29,86,20,3.44,few clouds
149,Amahai,ID,-3.3333,128.9167,85.62,70,100,2.64,overcast clouds
150,Bandarbeyla,SO,9.4942,50.8122,82.11,84,33,7.34,scattered clouds
151,Fortuna,US,40.5982,-124.1573,47.98,88,100,9.22,overcast clouds
152,Vrangel,RU,42.7297,133.0839,52.72,54,8,11.34,clear sky
153,Bure,ET,10.7,37.0667,61.77,73,55,2.57,broken clouds
154,Port Jervis,US,41.3751,-74.6927,53.38,53,100,7.67,overcast clouds
155,Saint-Francois,FR,46.4154,3.9054,47.68,93,0,2.3,clear sky
156,Moron,AR,-34.6534,-58.6198,61.99,93,99,5.3,overcast clouds
157,Dingle,PH,10.9995,122.6711,87.73,55,78,12.28,broken clouds
158,Richards Bay,ZA,-28.783,32.0377,62.73,85,47,7.52,scattered clouds
159,Chuy,UY,-33.6971,-53.4616,56.77,90,0,6.46,clear sky
160,Meulaboh,ID,4.1363,96.1285,80.55,84,100,4.65,light rain
161,Bereda,ES,43.2686,-7.5406,50.58,100,60,1.57,broken clouds
162,Lasa,IT,46.6166,10.7002,48.36,98,100,0.92,overcast clouds
163,Souillac,MU,-20.5167,57.5167,75.27,81,53,5.12,broken clouds
164,Codrington,AU,-38.2667,141.9667,59.85,52,12,4.05,few clouds
165,New Norfolk,AU,-42.7826,147.0587,57.92,55,15,2.68,few clouds
166,Christchurch,NZ,-43.5333,172.6333,63.95,81,75,10.36,broken clouds
167,Vanimo,PG,-2.6741,141.3028,85.98,70,100,9.62,overcast clouds
168,Khatanga,RU,71.9667,102.5,14.38,85,9,12.39,clear sky
169,Bathsheba,BB,13.2167,-59.5167,78.78,80,25,13.96,scattered clouds
170,Provideniya,RU,64.3833,-173.3,33.4,94,100,10.31,overcast clouds
171,Clyde River,CA,70.4692,-68.5914,16.12,90,16,4.43,few clouds
172,Centralia,US,46.7162,-122.9543,53.01,77,75,9.22,light rain
173,Gat,IL,31.61,34.7642,66.4,39,2,4.5,clear sky
174,Hervey Bay,AU,-25.2986,152.8535,71.73,83,100,10.13,moderate rain
175,Nantucket,US,41.2835,-70.0995,46.54,67,0,20.71,clear sky
176,Lazaro Cardenas,MX,17.9583,-102.2,76.75,73,0,5.99,clear sky
177,Mitu,CO,1.1983,-70.1733,70.74,99,95,1.1,overcast clouds
178,Ensley,US,30.5188,-87.2728,75.6,89,0,4.61,clear sky
179,Utica,US,43.1009,-75.2327,50.11,69,48,4.12,scattered clouds
180,Pasni,PK,25.2631,63.471,81.25,80,0,12.39,clear sky
181,Mehamn,NO,71.0357,27.8492,31.91,93,100,14.18,light snow
182,Salalah,OM,17.0151,54.0924,82.49,74,20,2.3,few clouds
183,Quesnel,CA,52.9999,-122.5029,45.1,76,75,2.3,broken clouds
184,Yerbogachen,RU,61.2767,108.0108,29.44,71,100,8.93,overcast clouds
185,Nelson Bay,AU,-32.7167,152.15,68.09,73,0,3.0,clear sky
186,Leh,IN,34.1667,77.5833,46.71,46,5,3.06,clear sky
187,Kainantu,PG,-6.2887,145.8655,74.79,62,86,5.79,overcast clouds
188,Chandbali,IN,20.7833,86.7667,84.83,72,100,6.22,overcast clouds
189,Ballina,AU,-28.8667,153.5667,64.02,95,100,11.39,light rain
190,Escarcega,MX,18.6089,-90.7454,87.69,54,77,4.05,broken clouds
191,Elmadag,TR,39.9208,33.2308,45.34,81,100,3.0,overcast clouds
192,Acapulco,MX,16.8634,-99.8901,79.92,74,2,5.14,clear sky
193,Necochea,AR,-38.5473,-58.7368,59.02,80,68,11.45,broken clouds
194,Tingi,TZ,-11.3,35.0333,58.8,87,84,2.89,broken clouds
195,Severo-Kurilsk,RU,50.6789,156.125,38.28,97,100,16.96,light rain
196,Skjervoy,NO,70.0311,20.9714,32.0,66,100,21.61,overcast clouds
197,Teruel,ES,40.6667,-0.6667,45.97,72,8,2.84,clear sky
198,Talas,TR,38.6908,35.5538,39.87,93,40,0.0,scattered clouds
199,Pilar,BR,-9.5972,-35.9567,73.33,93,25,2.51,scattered clouds
200,Balkanabat,TM,39.5108,54.3671,58.15,73,30,11.52,scattered clouds
201,Olafsvik,IS,64.8945,-23.7142,42.84,93,100,18.72,light rain
202,Turukhansk,RU,65.8167,87.9833,22.06,82,39,6.46,scattered clouds
203,Sambava,MG,-14.2667,50.1667,73.38,88,5,7.87,clear sky
204,Abnub,EG,27.2696,31.1511,80.69,18,19,8.32,few clouds
205,Guayaramerin,BO,-10.8368,-65.3614,77.5,73,80,2.77,broken clouds
206,Ostrovnoy,RU,68.0531,39.5131,29.32,77,97,16.53,overcast clouds
207,Bull Savanna,JM,17.8868,-77.5902,74.93,84,1,8.5,clear sky
208,Norfolk,US,42.1668,-71.2495,45.88,59,100,1.01,overcast clouds
209,Constitucion,CL,-35.3333,-72.4167,53.31,94,100,5.21,overcast clouds
210,Isetskoye,RU,56.4858,65.3226,52.72,48,65,4.12,broken clouds
211,Maceio,BR,-9.6658,-35.7353,74.64,88,20,5.75,few clouds
212,Flinders,AU,-34.5833,150.8552,64.06,80,98,5.99,light rain
213,Kaolinovo,BG,43.6167,27.1167,41.94,79,41,5.26,scattered clouds
214,Neya,RU,58.2972,43.8681,46.09,95,100,7.07,light rain
215,Abu Zabad,SD,12.35,29.25,81.93,8,100,8.75,overcast clouds
216,Mayor Pablo Lagerenza,PY,-19.9309,-60.7718,78.71,40,100,7.27,overcast clouds
217,Sao Filipe,CV,14.8961,-24.4956,71.38,80,1,6.82,clear sky
218,Coruripe,BR,-10.1256,-36.1756,75.42,80,9,8.39,clear sky
219,Kununurra,AU,-15.7667,128.7333,82.38,23,2,11.5,clear sky
220,Lashio,MM,22.9333,97.75,68.43,96,100,0.76,overcast clouds
221,Bonavista,CA,48.6499,-53.1147,32.38,72,64,3.31,broken clouds
222,Lardos,GR,36.0942,28.0157,63.95,73,91,5.55,overcast clouds
223,Nadym,RU,65.5333,72.5167,35.69,100,100,10.09,overcast clouds
224,Hutchinson,US,38.0608,-97.9298,78.04,74,0,6.91,clear sky
225,Tambovka,RU,50.0969,128.0489,70.74,23,54,11.88,broken clouds
226,Inongo,CD,-1.95,18.2667,71.8,96,100,2.21,overcast clouds
227,Masunga,BW,-20.6246,27.4488,57.87,40,0,3.0,clear sky
228,Kamaishi,JP,39.2667,141.8833,57.92,49,97,9.53,overcast clouds
229,Sokoni,TZ,-6.4333,39.55,81.16,76,100,15.26,overcast clouds
230,Macapa,BR,0.0389,-51.0664,78.78,94,40,2.3,scattered clouds
231,Synya,RU,65.3718,58.0387,44.15,83,81,10.74,broken clouds
232,North Bend,US,43.4065,-124.2243,49.24,93,100,13.8,overcast clouds
233,Hami,CN,42.8,93.45,74.08,27,2,5.35,clear sky
234,Tuatapere,NZ,-46.1333,167.6833,53.44,90,100,6.62,overcast clouds
235,Cabedelo,BR,-6.9811,-34.8339,75.87,80,100,14.16,overcast clouds
236,Manta,EC,-0.95,-80.7333,74.98,83,75,6.91,broken clouds
237,Luderitz,NA,-26.6481,15.1594,60.21,40,51,6.82,broken clouds
238,Flagstaff,US,35.1981,-111.6513,63.1,22,0,27.63,clear sky
239,Lavrentiya,RU,65.5833,-171.0,33.85,90,100,7.38,overcast clouds
240,Alice Springs,AU,-23.7,133.8833,56.75,35,100,2.3,overcast clouds
241,Nerchinskiy Zavod,RU,51.3088,119.61,67.03,16,70,21.34,broken clouds
242,Pitimbu,BR,-7.4706,-34.8086,75.79,82,97,11.59,overcast clouds
243,Marawi,PH,7.9986,124.2928,79.39,72,100,1.81,overcast clouds
244,Pisco,PE,-13.7,-76.2167,65.01,88,4,2.3,clear sky
245,Victoria,HK,22.2855,114.1577,78.96,86,100,1.01,overcast clouds
246,Motygino,RU,58.1831,94.7592,33.31,52,96,9.55,overcast clouds
247,Cabo San Lucas,MX,22.8909,-109.9124,80.91,41,20,8.05,few clouds
248,Skelleftea,SE,64.7507,20.9528,39.99,54,75,5.75,broken clouds
249,Muroto,JP,33.2833,134.15,60.51,82,100,14.92,overcast clouds
250,Lebu,CL,-37.6167,-73.65,55.71,97,100,2.93,overcast clouds
251,Parabel,RU,58.6978,81.4825,42.73,45,25,2.95,scattered clouds
252,Sola,VU,-13.8833,167.55,80.47,75,29,24.61,scattered clouds
253,Berlevag,NO,70.8578,29.0864,31.95,86,75,18.41,broken clouds
254,Saint-Joseph,RE,-21.3667,55.6167,70.18,77,18,6.82,few clouds
255,Murray Bridge,AU,-35.1167,139.2667,64.13,43,64,7.05,broken clouds
256,Vila Franca Do Campo,PT,37.7167,-25.4333,62.2,83,98,1.97,overcast clouds
257,Jinchang,CN,38.4953,102.1739,66.65,26,4,2.64,clear sky
258,Pemangkat,ID,1.1667,108.9667,80.96,78,100,7.4,light rain
259,Sovetskaya Gavan,RU,48.9723,140.2878,45.05,62,100,8.14,overcast clouds
260,Marrakesh,MA,31.6315,-8.0083,75.27,29,0,3.44,clear sky
261,Santa Maria,BR,-29.6842,-53.8069,55.98,89,2,4.25,clear sky
262,Gizo,SB,-8.103,156.8419,85.64,69,74,6.4,broken clouds
263,Camacha,PT,33.0833,-16.3333,58.42,77,20,12.66,few clouds
264,Maketu,NZ,-37.7667,176.45,67.05,84,100,5.19,overcast clouds
265,Havre-Saint-Pierre,CA,50.2334,-63.5986,39.25,73,14,5.08,few clouds
266,Tautira,PF,-17.7333,-149.15,80.87,78,42,9.48,scattered clouds
267,Helena,US,46.5927,-112.0361,41.99,70,100,6.91,overcast clouds
268,Natal,BR,-5.795,-35.2094,77.65,88,0,6.91,light rain
269,Kimbe,PG,-5.5502,150.1429,88.95,62,72,5.75,broken clouds
270,Srikakulam,IN,18.3,83.9,84.34,64,100,9.6,overcast clouds
271,Cidreira,BR,-30.1811,-50.2056,65.86,82,0,12.82,clear sky
272,Cherskiy,RU,68.75,161.3,31.26,88,88,15.37,overcast clouds
273,Paita,PE,-5.0892,-81.1144,67.6,81,93,18.25,overcast clouds
274,Teahupoo,PF,-17.8333,-149.2667,80.53,79,50,10.58,scattered clouds
275,Cockburn Town,TC,21.4612,-71.1419,78.93,79,0,10.11,clear sky
276,Genhe,CN,50.7833,121.5167,68.31,13,5,15.68,clear sky
277,Sorland,NO,67.667,12.6934,40.86,79,100,12.41,overcast clouds
278,Mayya,RU,61.7333,130.2811,43.92,68,100,11.1,overcast clouds
279,Saint-Philippe,RE,-21.3585,55.7679,71.19,81,39,6.06,scattered clouds
280,Havelock,US,34.8791,-76.9013,53.58,87,100,18.41,overcast clouds
281,Ust-Uda,RU,54.1742,103.0304,34.7,41,100,13.24,overcast clouds
282,Kaeo,NZ,-35.1,173.7833,67.32,86,100,11.01,overcast clouds
283,Ixtapa,MX,20.7,-105.2,76.23,83,40,5.75,scattered clouds
284,Caconda,AO,-13.7333,15.0667,55.92,54,0,0.81,clear sky
285,Moranbah,AU,-22.0016,148.0466,76.01,68,99,17.4,overcast clouds
286,Santa Cruz,BO,-17.8,-63.1667,71.06,83,4,5.75,clear sky
287,Roma,US,43.2128,-75.4557,50.14,54,0,0.0,clear sky
288,Kapit,MY,2.0167,112.9333,74.86,100,100,1.5,overcast clouds
289,Yar-Sale,RU,66.8333,70.8333,35.83,100,100,11.99,overcast clouds
290,Ippy,CF,6.2679,21.2247,72.21,86,100,3.58,overcast clouds
291,Alice Town,BS,25.7167,-79.3,80.47,72,40,9.86,scattered clouds
292,San Ignacio,BZ,17.1561,-89.0714,79.48,91,100,3.85,overcast clouds
293,Broken Hill,AU,-31.95,141.4333,58.77,47,5,11.1,clear sky
294,Sain Alto,MX,23.5833,-103.25,75.43,14,100,17.27,overcast clouds
295,Goundam,ML,16.4145,-3.6708,84.92,7,0,11.65,clear sky
296,Poum,NC,-20.2333,164.0167,78.01,58,100,16.58,overcast clouds
297,Batagay-Alyta,RU,67.8006,130.4114,26.44,87,100,12.77,light snow
298,Gigmoto,PH,13.7796,124.39,84.74,73,46,9.17,scattered clouds
299,Grand Baie,MU,-20.0182,57.5802,71.46,81,1,1.01,clear sky
300,Harper,LR,4.375,-7.7169,77.22,88,98,3.31,light rain
301,Ararangua,BR,-28.9347,-49.4858,57.09,94,7,3.11,clear sky
302,Svetlyy,RU,54.675,20.1347,39.96,73,61,8.41,broken clouds
303,Keuruu,FI,62.2667,24.7,34.81,76,100,4.52,overcast clouds
304,Mar Del Plata,AR,-38.0023,-57.5575,63.88,81,0,8.05,light rain
305,Walvis Bay,NA,-22.9575,14.5053,58.64,67,0,6.46,clear sky
306,Pontianak,ID,-0.0333,109.3333,78.78,88,20,4.61,few clouds
307,Porto Torres,IT,40.835,8.3972,59.09,80,61,3.53,broken clouds
308,Pimentel,PE,-6.8367,-79.9342,64.85,88,90,17.78,overcast clouds
309,Sinnamary,GF,5.3833,-52.95,78.08,86,75,10.18,broken clouds
310,Upernavik,GL,72.7868,-56.1549,8.1,82,16,4.38,few clouds
311,Talnakh,RU,69.4865,88.3972,20.21,92,100,12.62,overcast clouds
312,Gornopravdinsk,RU,60.05,69.9,48.7,81,61,5.08,broken clouds
313,Mago,RU,53.2514,140.1822,42.51,66,100,13.56,light rain
314,Port Keats,AU,-14.25,129.55,86.9,31,3,12.44,clear sky
315,Fairbanks,US,64.8378,-147.7164,47.08,52,75,5.75,broken clouds
316,Newport,GB,51.5877,-2.9984,52.68,82,100,4.34,overcast clouds
317,Hovd,MN,48.0056,91.6419,31.75,66,100,5.32,overcast clouds
318,Mandalgovi,MN,45.7625,106.2708,44.19,45,53,26.93,broken clouds
319,Goderich,CA,43.7501,-81.7165,51.91,59,99,13.69,overcast clouds
320,Ancud,CL,-41.8697,-73.8203,48.38,94,45,5.79,scattered clouds
321,Lagoa,PT,39.05,-27.9833,61.59,85,86,9.19,overcast clouds
322,Conde,BR,-7.2597,-34.9075,74.66,88,40,6.91,scattered clouds
323,Mongo,TD,12.1844,18.693,91.99,19,45,3.58,scattered clouds
324,Tubmanburg,LR,6.8708,-10.8172,74.41,97,100,0.54,overcast clouds
325,Puerto Ayacucho,VE,5.6639,-67.6236,75.99,91,100,2.89,overcast clouds
326,Mapiripan,CO,2.8892,-72.1256,73.65,92,99,3.36,overcast clouds
327,Qasigiannguit,GL,68.8193,-51.1922,23.25,93,6,6.51,clear sky
328,Magdalena,PH,14.1999,121.429,88.36,54,17,9.73,few clouds
329,Tandil,AR,-37.3217,-59.1332,60.69,88,100,5.46,overcast clouds
330,Pavagada,IN,14.1,77.2667,82.65,54,91,11.63,overcast clouds
331,Saldanha,ZA,-33.0117,17.9442,56.19,86,62,5.19,broken clouds
332,Paciran,ID,-6.8767,112.3761,83.57,75,93,1.74,overcast clouds
333,Dali,CN,25.7,100.1833,68.31,62,16,4.85,few clouds
334,Balakhta,RU,55.38,91.6,41.0,31,0,9.82,clear sky
335,Muros,ES,42.7762,-9.0603,58.15,76,71,3.91,broken clouds
336,Kandi,BJ,11.1342,2.9386,78.44,69,100,5.59,light rain
337,Lhokseumawe,ID,5.1801,97.1507,80.08,85,100,2.37,light rain
338,Inyonga,TZ,-6.7167,32.0667,62.76,83,100,4.94,overcast clouds
339,Ilulissat,GL,69.2167,-51.1,23.02,86,75,0.0,broken clouds
340,Matina,CR,10.0761,-83.2895,79.43,90,57,3.31,broken clouds
341,Shahabad,IN,27.65,79.95,90.45,32,0,14.88,clear sky
342,Cobija,BO,-11.0267,-68.7692,74.34,75,58,1.48,broken clouds
343,Cap Malheureux,MU,-19.9842,57.6142,71.47,81,0,1.01,clear sky
344,Iquique,CL,-20.2208,-70.1431,62.64,77,30,6.58,scattered clouds
345,Banda Aceh,ID,5.5577,95.3222,83.48,73,100,6.78,overcast clouds
346,Palmer,US,42.1584,-72.3287,46.81,51,97,1.01,overcast clouds
347,Ocos,GT,14.5094,-92.1933,78.98,75,76,4.68,broken clouds
348,Hasaki,JP,35.7333,140.8333,61.29,62,100,11.14,overcast clouds
349,Touros,BR,-5.1989,-35.4608,78.06,85,100,13.13,overcast clouds
350,Shiyan,CN,32.6475,110.7781,53.62,67,100,5.21,light rain
351,Tashtyp,RU,52.7939,89.8983,43.2,34,97,4.81,overcast clouds
352,Kloulklubed,PW,7.0419,134.2556,75.7,90,100,9.22,overcast clouds
353,Point Pleasant,US,40.0832,-74.0682,55.27,75,100,11.5,light rain
354,Takoradi,GH,4.8845,-1.7554,79.18,87,100,6.93,light rain
355,Chaves,US,33.3834,-104.4505,90.01,3,0,20.71,clear sky
356,Hamilton,US,39.1834,-84.5333,61.65,61,0,6.91,clear sky
357,Axim,GH,4.8699,-2.2405,79.23,87,100,7.16,light rain
358,Krasnoselkup,RU,65.7,82.4667,31.33,100,98,14.94,overcast clouds
359,Cap-Aux-Meules,CA,47.3821,-61.8597,38.48,74,1,5.86,clear sky
360,Vestmanna,FO,62.1564,-7.1664,45.52,100,100,17.27,fog
361,Biak,ID,-0.9131,122.8766,83.98,71,89,4.32,overcast clouds
362,Nova Vicosa,BR,-17.8919,-39.3719,74.21,82,20,12.15,few clouds
363,Stokmarknes,NO,68.5646,14.9108,35.58,93,100,8.05,overcast clouds
364,Oistins,BB,13.0667,-59.5333,78.64,78,18,14.76,few clouds
365,Coihaique,CL,-45.5752,-72.0662,44.55,76,75,4.61,broken clouds
366,Isla Mujeres,MX,21.2311,-86.731,82.45,88,0,11.16,clear sky
367,Doha,QA,25.2867,51.5333,80.58,43,0,18.41,clear sky
368,Waipawa,NZ,-41.4122,175.5153,60.22,80,100,12.91,light rain
369,Nalut,LY,30.3333,10.85,61.86,56,0,9.19,clear sky
370,Wundanyi,KE,-3.4019,38.364,59.49,93,97,4.12,overcast clouds
371,Vila Velha,BR,-20.3297,-40.2925,71.13,82,26,10.18,scattered clouds
372,Imperia,IT,43.9667,7.7833,59.41,55,50,9.01,scattered clouds
373,Alap,HU,46.7991,18.6894,57.0,83,100,5.64,overcast clouds
374,Korem,ET,12.5058,39.5228,56.07,68,23,3.36,few clouds
375,Cayenne,GF,4.9333,-52.3333,82.09,1,75,5.01,broken clouds
376,Okhotsk,RU,59.3833,143.3,39.63,71,74,1.92,broken clouds
377,Sorong,ID,-0.8833,131.25,85.06,73,100,5.26,overcast clouds
378,Mont-De-Marsan,FR,44.0,-0.6667,56.68,71,0,2.3,clear sky
379,Bayan,CN,46.0833,127.4,68.94,19,0,12.06,clear sky
380,At-Bashi,KG,41.1702,75.8106,61.21,40,0,3.89,clear sky
381,Margate,GB,51.3813,1.3862,48.31,88,1,1.99,clear sky
382,Port Hedland,AU,-20.3167,118.5667,84.25,20,85,24.16,overcast clouds
383,Lucapa,AO,-8.4192,20.7447,66.45,71,3,2.77,clear sky
384,Macia,MZ,-25.0269,33.0989,65.05,97,92,2.17,overcast clouds
385,Vila,PT,42.0304,-8.1588,54.48,77,49,2.82,scattered clouds
386,Chipata,ZM,-13.6333,32.65,60.21,79,15,3.85,few clouds
387,Mbinga,TZ,-10.9333,35.0167,55.63,90,92,1.88,overcast clouds
388,Porto Novo,BJ,6.4965,2.6036,79.5,87,99,5.68,overcast clouds
389,Fagernes,NO,60.9858,9.2324,38.91,72,100,2.01,overcast clouds
390,Shingu,JP,33.7333,135.9833,64.63,80,100,4.5,overcast clouds
391,Staryy Nadym,RU,65.6118,72.6842,35.47,100,100,10.11,overcast clouds
392,Namibe,AO,-15.1961,12.1522,73.35,56,0,8.81,clear sky
393,Ukiah,US,39.1502,-123.2078,50.85,82,100,13.8,overcast clouds
394,Vangaindrano,MG,-23.35,47.6,70.09,96,38,4.81,light rain
395,Zinder,NE,13.8072,8.9881,86.83,31,80,6.98,broken clouds
396,Tari,NG,12.4086,4.4914,84.65,52,77,11.14,broken clouds
397,Taywarah,AF,33.35,64.4167,57.4,33,0,0.76,clear sky
398,Vestmannaeyjar,IS,63.4427,-20.2734,46.53,84,100,17.36,overcast clouds
399,Csobanka,HU,47.6464,18.9619,55.06,83,54,2.89,broken clouds
400,Uspenka,UA,48.3903,39.1619,47.17,54,11,3.6,few clouds
401,Daru,PG,-9.0763,143.2092,86.34,74,34,8.34,scattered clouds
402,Morgan City,US,29.6994,-91.2068,79.02,88,0,5.97,clear sky
403,Seagoville,US,32.6396,-96.5383,87.76,71,0,11.5,clear sky
404,Nemuro,JP,43.3236,145.575,46.6,63,2,18.28,clear sky
405,Asau,RO,46.4333,26.4,48.96,95,65,3.78,broken clouds
406,Oussouye,SN,12.485,-16.5469,73.45,73,54,6.76,broken clouds
407,Puerto Madryn,AR,-42.7692,-65.0385,57.61,40,0,7.58,clear sky
408,Katobu,ID,-4.9408,122.5276,84.94,73,100,2.68,overcast clouds
409,Rottenburg,DE,48.4763,8.9353,50.41,92,12,1.19,few clouds
410,Beringovskiy,RU,63.05,179.3167,36.18,69,9,21.03,clear sky
411,Lodwar,KE,3.1191,35.5973,83.46,50,20,12.75,few clouds
412,Enderby,GB,52.5878,-1.2062,49.93,81,21,7.16,few clouds
413,Cassilandia,BR,-19.1133,-51.7342,65.88,69,0,1.86,clear sky
414,Presidencia Roque Saenz Pena,AR,-26.7852,-60.4388,60.85,79,3,5.3,clear sky
415,Kizukuri,JP,40.8061,140.3861,61.11,48,1,16.84,clear sky
416,Aksu,CN,41.1231,80.2644,76.39,24,0,5.17,clear sky
417,Soyo,AO,-6.1349,12.3689,77.25,93,40,3.22,scattered clouds
418,Kruisfontein,ZA,-34.0033,24.7314,50.88,69,57,5.46,broken clouds
419,Pimenta Bueno,BR,-11.6725,-61.1936,75.94,85,87,1.86,overcast clouds
420,Dombasle-Sur-Meurthe,FR,48.6252,6.3497,53.01,90,0,2.3,clear sky
421,Uvat,RU,59.1433,68.8953,51.76,62,41,4.83,scattered clouds
422,Janow Lubelski,PL,50.707,22.4104,54.5,93,32,7.58,scattered clouds
423,Euclid,US,41.5931,-81.5268,55.53,47,0,8.05,clear sky
424,Khurai,IN,24.0436,78.3319,91.76,15,0,7.4,clear sky
425,Kanashevo,RU,55.2169,62.0634,46.96,37,52,4.07,broken clouds
426,Porto Walter,BR,-8.2686,-72.7439,74.41,78,58,1.41,broken clouds
427,Nome,US,64.5011,-165.4064,33.17,93,100,19.57,light snow
428,Fukue,JP,32.6881,128.8419,63.95,67,17,22.59,few clouds
429,Kirakira,SB,-10.4544,161.9205,85.24,72,98,12.57,overcast clouds
430,Iskateley,RU,67.6803,53.1512,28.09,90,100,8.03,overcast clouds
431,Praia Da Vitoria,PT,38.7333,-27.0667,59.76,82,36,2.95,scattered clouds
432,Puerto Escondido,MX,15.85,-97.0667,82.22,68,45,2.01,scattered clouds
433,Calama,CL,-22.4667,-68.9333,43.29,28,0,9.22,clear sky
434,Springdale,US,36.1867,-94.1288,74.88,84,0,11.5,clear sky
435,Uruacu,BR,-14.5247,-49.1408,73.98,57,40,2.37,scattered clouds
436,Adrar,MR,20.5022,-10.0711,85.55,13,63,11.52,broken clouds
437,Ous,RU,60.9058,61.5186,49.12,61,42,6.11,scattered clouds
438,Aitape,PG,-3.1374,142.3475,85.75,73,100,8.99,overcast clouds
439,La Ronge,CA,55.1001,-105.2842,47.14,51,31,10.11,scattered clouds
440,Pauini,BR,-7.7136,-66.9764,72.55,97,32,1.68,scattered clouds
441,Turbana,CO,10.2717,-75.4422,81.41,84,100,7.61,overcast clouds
442,Taoudenni,ML,22.6783,-3.9836,81.72,11,34,11.83,scattered clouds
443,Tomatlan,MX,19.9333,-105.25,72.54,81,85,4.0,overcast clouds
444,Baykit,RU,61.67,96.37,31.3,76,100,3.24,overcast clouds
445,Zhigalovo,RU,54.8097,105.1578,34.29,47,100,11.27,overcast clouds
446,Pasaje,EC,-3.3333,-79.8167,75.34,89,95,0.56,overcast clouds
447,Avera,US,33.194,-82.5271,63.91,55,95,9.08,overcast clouds
448,Muriwai Beach,NZ,-36.8167,174.45,65.77,84,100,15.3,overcast clouds
449,Khetia,IN,21.6667,74.5833,91.56,31,2,8.66,clear sky
450,Eyl,SO,7.9803,49.8164,82.49,83,59,7.87,broken clouds
451,Oranjemund,NA,-28.55,16.4333,55.71,71,89,7.99,overcast clouds
452,Geraldton,AU,-28.7667,114.6,70.21,46,0,8.05,clear sky
453,Esik,KZ,43.3552,77.4525,51.22,50,0,5.61,clear sky
454,Sao Gabriel Da Cachoeira,BR,-0.1303,-67.0892,73.71,99,100,0.69,overcast clouds
455,Mogzon,RU,51.7435,111.9606,35.46,85,100,15.88,overcast clouds
456,Mamallapuram,IN,12.6264,80.1722,86.05,71,100,5.44,overcast clouds
457,Traverse City,US,44.7631,-85.6206,59.11,50,75,3.44,broken clouds
458,Ushtobe,KZ,45.2514,77.9838,57.51,34,0,17.38,clear sky
459,Verkhniy Fiagdon,RU,42.8333,44.3053,38.07,94,100,2.01,overcast clouds
460,Shenkursk,RU,62.1091,42.896,35.58,83,100,7.25,overcast clouds
461,Auriflama,BR,-20.6856,-50.5547,64.22,73,0,6.38,clear sky
462,Pangnirtung,CA,66.1451,-65.7125,19.98,91,89,5.3,overcast clouds
463,Camana,PE,-16.6228,-72.7111,65.21,92,11,10.09,few clouds
464,Ayacucho,PE,-13.1583,-74.2239,54.66,80,39,3.78,scattered clouds
465,Alexandria,EG,31.2156,29.9553,65.77,54,9,12.46,clear sky
466,Launceston,AU,-41.45,147.1667,58.15,75,100,8.05,overcast clouds
467,Kano,NG,12.0001,8.5167,87.01,36,55,6.93,broken clouds
468,Mount Isa,AU,-20.7333,139.5,78.57,61,40,11.5,scattered clouds
469,Den Helder,NL,52.9599,4.7593,46.96,88,100,8.05,overcast clouds
470,Venado Tuerto,AR,-33.7456,-61.9688,59.77,69,89,7.76,overcast clouds
471,Tyup,KG,42.7276,78.3648,62.28,44,0,0.78,clear sky
472,Camacupa,AO,-12.0167,17.4833,59.02,80,5,3.09,clear sky
473,Teya,RU,60.3778,92.6267,28.18,82,100,7.81,light snow
474,Chimbote,PE,-9.0853,-78.5783,64.6,88,97,6.96,overcast clouds
475,Camopi,GF,3.1655,-52.3158,71.51,99,85,1.88,overcast clouds
476,Izumo,JP,35.3667,132.7667,61.45,55,100,9.89,overcast clouds
477,La Cruz,MX,23.9167,-106.9,74.73,74,100,2.59,overcast clouds
478,Izhma,RU,65.0083,53.9113,36.54,95,100,10.2,light rain
479,Ribeira Brava,PT,32.65,-17.0667,64.0,58,17,4.45,few clouds
480,Solok,ID,-0.7918,100.6593,77.95,62,59,0.76,broken clouds
481,Ngunguru,NZ,-35.6167,174.5,68.05,66,100,10.29,overcast clouds
482,Sainte-Anne-Des-Monts,CA,49.124,-66.4924,39.27,78,12,6.44,few clouds
483,Plettenberg Bay,ZA,-34.0527,23.3716,57.02,60,100,4.7,overcast clouds
484,Bibiani,GH,6.4635,-2.3194,72.97,99,100,1.23,overcast clouds
485,Dryden,CA,49.7833,-92.7503,46.69,93,100,9.22,overcast clouds
486,Coahuayana,MX,18.7333,-103.6833,73.96,81,0,3.22,clear sky
487,Panaba,MX,21.2833,-88.2667,85.84,58,4,13.87,clear sky
488,Rincon,US,32.296,-81.2354,64.85,63,0,12.66,clear sky
489,Chernaya Kholunitsa,RU,58.8511,51.7154,44.94,67,25,8.05,scattered clouds
490,Viedma,AR,-40.8135,-62.9967,57.16,54,100,8.95,overcast clouds
491,Pierre,US,44.3683,-100.351,68.27,71,100,10.36,overcast clouds
492,Ponta Delgada,PT,37.7333,-25.6667,62.51,82,20,3.44,few clouds
493,Caliling,PH,9.9804,122.4814,84.02,72,100,12.59,overcast clouds
494,Iquitos,PE,-3.7481,-73.2472,73.44,100,75,2.3,broken clouds
495,Safaga,EG,26.7292,33.9365,78.96,36,98,3.24,overcast clouds
496,Irece,BR,-11.3042,-41.8558,66.0,80,1,10.76,clear sky
497,Kuraymah,SD,18.55,31.85,79.74,13,5,11.88,clear sky
498,Husavik,IS,66.0449,-17.3389,43.07,88,100,4.52,light rain
499,Sitka,US,57.0531,-135.33,51.69,66,0,17.27,clear sky
500,Segezha,RU,63.7415,34.3222,30.88,84,14,4.99,few clouds
501,Garachine,PA,8.0647,-78.3628,81.36,82,93,1.83,overcast clouds
502,College,US,64.8569,-147.8028,47.07,53,75,5.75,broken clouds
503,Rio Gallegos,AR,-51.6226,-69.2181,46.36,62,32,21.3,scattered clouds
504,Sokolo,ML,14.7328,-6.1219,93.27,24,44,3.0,scattered clouds
505,Padang,ID,-0.9492,100.3543,82.45,65,31,0.76,scattered clouds
506,Bozova,TR,37.3625,38.5267,56.32,61,71,0.49,broken clouds
507,Ust-Shonosha,RU,61.1531,41.343,34.97,86,100,7.02,overcast clouds
508,Dalbandin,PK,28.8947,64.4101,83.77,13,2,6.53,clear sky
509,Toamasina,MG,-18.1667,49.3833,71.78,90,0,3.53,clear sky
510,Koumac,NC,-20.5667,164.2833,79.63,51,100,4.56,overcast clouds
511,Kiruna,SE,67.8557,20.2251,27.52,80,40,8.05,scattered clouds
512,Guilin,CN,25.2819,110.2864,71.98,89,100,1.19,overcast clouds
513,Vardo,NO,70.3705,31.1107,30.18,80,20,20.71,few clouds
514,Yambio,SS,4.5721,28.3955,67.89,98,96,3.78,overcast clouds
515,Padampur,IN,29.6833,73.6167,91.62,14,0,10.4,clear sky
516,Narsaq,GL,60.9167,-46.05,46.62,85,75,1.61,broken clouds
517,Palu,ID,-0.8917,119.8707,85.55,80,100,2.51,overcast clouds
518,Makakilo City,US,21.3469,-158.0858,82.72,57,40,14.97,scattered clouds
519,Brae,GB,60.3964,-1.353,47.3,91,100,20.71,overcast clouds
520,Mormugao,IN,15.4,73.8,83.14,77,100,10.51,light rain
521,Fomboni,KM,-12.28,43.7425,82.31,74,98,15.46,overcast clouds
522,Kouroussa,GN,10.65,-9.8833,77.2,78,100,2.24,overcast clouds
523,Markivka,UA,49.5229,39.5705,46.27,60,2,4.36,clear sky
524,Minab,IR,27.1467,57.0801,82.15,54,0,5.08,clear sky
525,Aykhal,RU,66.0,111.5,15.93,87,100,22.17,overcast clouds
526,Dehloran,IR,32.6941,47.2679,69.46,26,0,4.29,clear sky
527,Qui Nhon,VN,13.7667,109.2333,82.83,73,100,4.34,overcast clouds
528,Zurrieq,MT,35.8311,14.4742,60.96,94,40,5.75,scattered clouds
529,Glendive,US,47.1053,-104.7125,51.49,71,0,1.99,clear sky
530,Sharanga,RU,57.1775,46.5396,47.05,68,85,10.09,overcast clouds
531,Mizan Teferi,ET,6.9833,35.5833,61.05,96,73,2.51,light rain
532,Zilair,RU,52.2332,57.4392,46.04,43,100,11.45,overcast clouds
533,Hit,IQ,33.6416,42.8251,66.81,38,0,4.03,clear sky
534,Ketchikan,US,55.3422,-131.6461,59.47,41,0,8.05,clear sky
535,Ziway,ET,7.9333,38.7167,66.07,62,25,3.62,scattered clouds
536,Sheridan,US,44.8333,-106.9173,52.18,51,20,10.36,few clouds
537,Petropavlovsk-Kamchatskiy,RU,53.0452,158.6483,37.99,100,100,15.66,light rain
538,Kambarka,RU,56.2694,54.2062,47.32,63,2,3.51,clear sky
539,Tarazona,ES,41.9,-1.7333,51.62,69,6,6.11,clear sky
540,Clyde,US,41.3042,-82.9752,53.56,56,100,8.23,overcast clouds
541,Kathu,TH,7.9178,98.3332,85.69,99,100,8.25,light rain
542,Agadez,NE,19.75,10.25,84.27,17,56,13.27,broken clouds
543,Gardanne,FR,43.4549,5.4691,54.97,84,15,3.65,few clouds
544,San Jeronimo,PE,-11.9472,-75.2829,52.59,75,91,0.78,overcast clouds
545,Parrita,CR,9.5201,-84.3225,80.55,84,78,0.96,broken clouds
546,Sakakah,SA,29.9697,40.2064,64.31,20,70,4.7,broken clouds
547,Katsuura,JP,35.1333,140.3,57.22,87,100,9.35,light rain
548,Wahpeton,US,46.2652,-96.6059,59.02,88,0,12.66,clear sky
549,Chernyshevsk,RU,52.5243,117.0174,64.47,24,100,12.5,overcast clouds
550,Sao Felix Do Xingu,BR,-6.6447,-51.995,72.57,88,4,1.83,clear sky
551,Ambulu,ID,-8.345,113.6058,83.84,75,73,0.49,broken clouds
552,Hatillo,PR,18.4863,-66.8254,80.38,91,1,6.96,clear sky
553,Ayan,RU,56.45,138.1667,36.23,72,7,8.01,clear sky
554,Tilichiki,RU,60.4667,166.1,33.46,90,100,2.26,overcast clouds
555,Chicama,PE,-7.8447,-79.1469,59.54,87,37,7.18,scattered clouds
556,Chapais,CA,49.7834,-74.8492,34.25,82,49,3.85,scattered clouds
557,San Policarpo,PH,12.1791,125.5072,84.16,68,59,10.65,broken clouds
558,Buala,SB,-8.145,159.5921,84.02,77,93,10.11,moderate rain
559,Hereford,GB,52.0568,-2.7148,53.06,86,99,5.61,overcast clouds
560,Nisia Floresta,BR,-6.0911,-35.2086,77.81,89,100,8.75,light rain
561,Kulob,TJ,37.9145,69.783,72.36,56,19,6.71,few clouds
562,Cururupu,BR,-1.8283,-44.8683,74.08,98,99,2.33,moderate rain
563,Ende,ID,-8.8432,121.6623,84.79,68,72,9.26,broken clouds
564,Edd,ER,13.9297,41.6925,82.38,82,100,7.36,overcast clouds
565,Yhu,PY,-25.05,-55.9167,57.02,93,0,4.97,clear sky
566,Khromtau,KZ,50.2503,58.4347,46.98,44,100,14.9,overcast clouds
567,Solnechnyy,RU,50.7214,136.6319,53.89,50,18,9.75,few clouds
568,Port Lincoln,AU,-34.7333,135.8667,63.01,55,100,5.17,overcast clouds
569,Sistranda,NO,63.7256,8.834,42.76,78,100,14.07,light rain
570,Finsterwalde,DE,51.6333,13.7167,51.1,80,0,5.1,clear sky
571,Lynn Haven,US,30.2455,-85.6483,73.98,82,0,0.0,clear sky
572,Leninsk,RU,48.7119,45.1994,46.74,59,100,8.52,overcast clouds
573,Ulaangom,MN,49.9811,92.0667,38.89,28,29,5.68,scattered clouds
574,Monterey,US,36.2505,-121.2516,52.18,49,4,17.52,clear sky
575,Omboue,GA,-1.5746,9.2618,77.13,92,51,4.92,broken clouds
576,Kazuno,JP,40.1836,140.7872,59.36,37,5,15.08,clear sky
577,Haines Junction,CA,60.7522,-137.5108,51.75,28,9,1.14,clear sky
578,Bilgi,IN,16.35,75.6167,83.1,57,95,10.94,overcast clouds
579,Houston,US,29.7633,-95.3633,82.13,79,100,19.57,overcast clouds
580,Kolokani,ML,13.5728,-8.0339,89.8,31,90,2.19,overcast clouds
581,Kenitra,MA,34.261,-6.5802,56.16,73,100,2.77,overcast clouds
582,Manbij,SY,36.5281,37.9549,58.44,56,66,5.06,broken clouds
583,Tavda,RU,58.0425,65.2726,51.64,58,38,4.97,scattered clouds
584,Bitkine,TD,11.9801,18.2138,92.89,18,80,4.52,broken clouds
585,Marysville,US,48.0518,-122.1771,54.01,63,20,14.97,few clouds
586,Lermontovka,RU,47.1453,134.3383,63.57,29,0,10.94,clear sky
587,Ghanzi,BW,-21.5667,21.7833,50.38,39,0,8.25,clear sky
588,Puerto El Triunfo,SV,13.2833,-88.55,82.08,78,87,3.65,overcast clouds
589,Flin Flon,CA,54.7682,-101.865,51.28,55,53,9.37,broken clouds
590,Ordzhonikidze,KZ,52.4411,61.7408,49.05,35,70,10.07,broken clouds
591,Cuamba,MZ,-14.8031,36.5372,62.44,89,9,0.81,clear sky
592,Atbasar,KZ,51.8,68.3333,49.48,37,100,14.43,overcast clouds
593,Mabaruma,GY,8.2,-59.7833,73.35,97,31,2.77,scattered clouds
594,Ust-Kuyga,RU,70.0167,135.6,29.77,97,100,9.17,light snow
595,Tigil,RU,57.8,158.6667,44.38,91,100,1.1,overcast clouds
596,San Quintin,MX,30.4833,-115.95,59.47,74,0,21.54,clear sky
597,Pucallpa,PE,-8.3791,-74.5539,78.84,83,20,0.0,few clouds
598,Malumfashi,NG,11.7853,7.6218,81.39,50,82,8.81,broken clouds
599,Novoanninskiy,RU,50.5287,42.6747,41.56,62,1,0.85,clear sky
600,Moose Factory,CA,51.2585,-80.6094,60.8,33,0,11.5,clear sky
601,San Cristobal,VE,7.7669,-72.225,75.38,98,46,2.55,scattered clouds
602,Aragats,AM,40.4889,44.3528,31.57,85,46,3.53,scattered clouds
603,Ystad,SE,55.4297,13.8204,43.54,78,32,10.16,scattered clouds
604,Bairiki,KI,1.3292,172.9752,86.0,70,40,14.97,scattered clouds
605,Bilibino,RU,68.0546,166.4372,26.6,89,100,7.23,overcast clouds
606,Laguna,US,38.421,-121.4238,60.76,41,0,18.41,clear sky
607,Tamasane,BW,-22.4184,27.4013,58.75,53,0,7.05,clear sky
608,Akyab,MM,20.15,92.9,78.73,90,100,12.17,light rain
609,Arlit,NE,18.7369,7.3853,86.23,15,64,1.43,broken clouds
610,Yafran,LY,32.0633,12.5286,55.98,56,0,4.07,clear sky
611,Surt,LY,31.2089,16.5887,63.52,78,2,5.41,clear sky
612,Carbonia,IT,39.1672,8.5222,58.15,92,63,3.83,broken clouds
613,Hudiksvall,SE,61.729,17.1036,39.29,57,100,3.8,overcast clouds
614,Atambua,ID,-9.1061,124.8925,83.39,57,9,5.86,clear sky
615,Itaituba,BR,-4.2761,-55.9836,74.71,99,95,1.03,light rain
616,Comodoro Rivadavia,AR,-45.8667,-67.5,51.66,40,0,28.77,clear sky
617,Esqueda,MX,30.7167,-109.5833,73.58,20,0,22.57,clear sky
618,Alberdi,AR,-32.8899,-60.6906,65.03,74,0,2.3,clear sky
619,Kushima,JP,31.4583,131.2333,69.67,89,100,4.36,overcast clouds
620,Sundby,DK,54.864,11.793,48.02,86,82,9.17,broken clouds
621,Krasnoarmeysk,RU,51.0239,45.6969,45.09,58,85,5.91,overcast clouds
622,Leon,MX,21.1167,-101.6667,84.25,50,79,5.53,broken clouds
623,Xichang,CN,27.8964,102.2634,71.17,73,71,0.94,broken clouds
624,Dalvik,IS,65.9702,-18.5286,40.93,91,100,5.79,overcast clouds
625,Kysyl-Syr,RU,63.8986,122.7617,29.59,84,100,12.5,light snow
626,Sangar,RU,63.9242,127.4739,34.68,96,100,7.29,light snow
627,Karaidel,RU,55.8337,56.9069,46.44,61,100,3.2,overcast clouds
628,Southampton,GB,50.904,-1.4043,49.37,74,4,1.99,clear sky
629,Behbahan,IR,30.5959,50.2417,69.19,22,0,5.35,clear sky
630,Rorvik,NO,64.8621,11.2373,41.31,94,100,22.53,light rain
631,Pandan,PH,14.0453,124.1694,85.3,69,24,10.2,few clouds
632,Sabha,LY,27.0377,14.4283,67.95,25,0,10.69,clear sky
633,Gao,ML,16.6362,1.637,84.06,5,1,11.39,clear sky
634,Mezen,RU,65.8522,44.24,30.18,91,12,5.53,few clouds
635,Ryotsu,JP,38.0833,138.4333,58.23,45,100,1.9,overcast clouds
636,Cerrito,CO,6.8432,-72.694,55.15,97,98,1.88,overcast clouds
637,Yei,SS,4.095,30.6779,66.22,98,100,4.59,overcast clouds
638,Dutse,NG,11.7594,9.3392,85.86,41,32,12.66,scattered clouds
639,Mafinga,TZ,-7.25,35.0667,63.1,78,100,1.86,overcast clouds
640,Muncar,ID,-8.4333,114.3333,85.1,74,12,4.63,few clouds
641,Fort Wellington,GY,6.4,-57.6,77.92,85,4,10.38,clear sky
642,San-Pedro,CI,4.7485,-6.6363,75.94,91,100,3.6,overcast clouds
643,Afsin,TR,38.2477,36.914,45.28,68,18,3.33,few clouds
644,Novomyrhorod,UA,48.7811,31.642,50.54,61,46,7.78,scattered clouds
645,Chaadayevka,RU,53.1427,45.9122,43.83,58,0,3.31,clear sky
646,Beloha,MG,-25.1667,45.05,69.67,83,34,2.93,scattered clouds
647,Vikhorevka,RU,56.1201,101.1636,36.99,39,100,11.39,overcast clouds
648,Morehead,US,37.2711,-87.1764,62.35,72,0,6.91,clear sky
649,Lahaina,US,20.8783,-156.6825,82.4,83,54,9.44,broken clouds
650,Moffat,GB,55.3323,-3.4454,53.62,96,100,10.58,overcast clouds
651,Bawku,GH,11.0616,-0.2417,86.7,48,14,8.61,few clouds
652,Aviles,ES,43.5547,-5.9248,56.93,88,0,3.44,clear sky
653,Bonoua,CI,5.2741,-3.595,82.02,90,91,4.14,overcast clouds
654,San Patricio,US,28.017,-97.5169,82.49,87,1,14.43,clear sky
655,San Pedro,PH,14.35,121.0167,91.35,66,20,9.22,few clouds
656,Norilsk,RU,69.3535,88.2027,22.42,80,100,9.13,overcast clouds
657,Galveston,US,29.3669,-94.9669,81.0,86,0,5.01,clear sky
658,Civitavecchia,IT,42.0933,11.7967,60.62,79,55,6.62,broken clouds
659,Vostok,RU,46.4856,135.8833,52.16,43,100,11.7,overcast clouds
660,Gazanjyk,TM,39.2446,55.5154,59.79,71,99,12.91,overcast clouds
661,Beian,NO,63.6559,9.5683,46.0,75,75,12.66,light rain
662,Kangaba,ML,11.9333,-8.4167,84.43,49,100,9.64,light rain
663,Gimli,CA,50.6336,-96.9907,44.62,65,45,8.05,scattered clouds
664,Samarkand,UZ,39.6542,66.9597,72.82,56,92,4.61,overcast clouds
665,Baghmara,IN,23.795,86.2085,84.9,53,0,7.63,clear sky
666,Myaundzha,RU,63.0494,147.1858,30.56,81,59,10.2,broken clouds
667,Termiz,UZ,37.2242,67.2783,75.29,53,85,6.91,haze
668,Kajaani,FI,64.2273,27.7285,33.85,60,0,5.75,clear sky
669,Tabuk,PH,17.4189,121.4443,86.5,58,82,6.38,broken clouds
670,Huangmei,CN,30.1924,116.025,67.93,79,100,9.24,overcast clouds
671,Pinawa,CA,50.1489,-95.8811,54.75,87,41,8.93,scattered clouds
672,Isabela,PH,6.7085,121.9711,80.65,73,94,4.79,moderate rain
673,Enid,US,36.3956,-97.8784,82.56,72,0,11.5,clear sky
